[
    {
        "screen1": [
            {
                "id": 1,
                "name": "A1",
                "status": "Available"
            },
            {
                "id": 2,
                "name": "A2",
                "status": "Available"
            },
            {
                "id": 3,
                "name": "A3",
                "status": "Available"
            },
            {
                "id": 4,
                "name": "A4",
                "status": "Available"
            },
            {
                "id": 5,
                "name": "A5",
                "status": "Available"
            },
            {
                "id": 6,
                "name": "B1",
                "status": "Available"
            },
            {
                "id": 7,
                "name": "B2",
                "status": "Available"
            },
            {
                "id": 8,
                "name": "B3",
                "status": "Available"
            },
            {
                "id": 9,
                "name": "B4",
                "status": "Available"
            },
            {
                "id": 10,
                "name": "B5",
                "status": "Available"
            },
            {
                "id": 11,
                "name": "C1",
                "status": "Available"
            },
            {
                "id": 12,
                "name": "C2",
                "status": "Available"
            },
            {
                "id": 13,
                "name": "C3",
                "status": "Available"
            },
            {
                "id": 15,
                "name": "C4",
                "status": "Available"
            },
            {
                "id": 16,
                "name": "C5",
                "status": "Available"
            },
            {
                "id": 17,
                "name": "D1",
                "status": "Available"
            },
            {
                "id": 18,
                "name": "D2",
                "status": "Available"
            },
            {
                "id": 19,
                "name": "D3",
                "status": "Available"
            },
            {
                "id": 20,
                "name": "D4",
                "status": "Available"
            },
            {
                "id": 21,
                "name": "D5",
                "status": "Available"
            },
            {
                "id": 22,
                "name": "E1",
                "status": "Available"
            },
            {
                "id": 23,
                "name": "E2",
                "status": "Available"
            },
            {
                "id": 24,
                "name": "E3",
                "status": "Available"
            },
            {
                "id": 25,
                "name": "E4",
                "status": "Available"
            },
            {
                "id": 26,
                "name": "E5",
                "status": "Available"
            }
        ],
        "screen2": [
            {
                "id": 1,
                "name": "A1",
                "status": "Available"
            },
            {
                "id": 2,
                "name": "A2",
                "status": "Available"
            },
            {
                "id": 3,
                "name": "A3",
                "status": "Available"
            },
            {
                "id": 4,
                "name": "A4",
                "status": "Available"
            },
            {
                "id": 5,
                "name": "A5",
                "status": "Available"
            },
            {
                "id": 6,
                "name": "B1",
                "status": "Available"
            },
            {
                "id": 7,
                "name": "B2",
                "status": "Available"
            },
            {
                "id": 8,
                "name": "B3",
                "status": "Available"
            },
            {
                "id": 9,
                "name": "B4",
                "status": "Available"
            },
            {
                "id": 10,
                "name": "B5",
                "status": "Available"
            },
            {
                "id": 11,
                "name": "C1",
                "status": "Available"
            },
            {
                "id": 12,
                "name": "C2",
                "status": "Available"
            },
            {
                "id": 13,
                "name": "C3",
                "status": "Available"
            },
            {
                "id": 15,
                "name": "C4",
                "status": "Available"
            },
            {
                "id": 16,
                "name": "C5",
                "status": "Available"
            },
            {
                "id": 17,
                "name": "D1",
                "status": "Available"
            },
            {
                "id": 18,
                "name": "D2",
                "status": "Available"
            },
            {
                "id": 19,
                "name": "D3",
                "status": "Available"
            },
            {
                "id": 20,
                "name": "D4",
                "status": "Available"
            },
            {
                "id": 21,
                "name": "D5",
                "status": "Available"
            },
            {
                "id": 22,
                "name": "E1",
                "status": "Available"
            },
            {
                "id": 23,
                "name": "E2",
                "status": "Available"
            },
            {
                "id": 24,
                "name": "E3",
                "status": "Available"
            },
            {
                "id": 25,
                "name": "E4",
                "status": "Available"
            },
            {
                "id": 26,
                "name": "E5",
                "status": "Available"
            },
            {
                "id": 27,
                "name": "F1",
                "status": "Available"
            },
            {
                "id": 28,
                "name": "F2",
                "status": "Available"
            },
            {
                "id": 29,
                "name": "F3",
                "status": "Available"
            },
            {
                "id": 30,
                "name": "F4",
                "status": "Available"
            },
            {
                "id": 31,
                "name": "F5",
                "status": "Available"
            }
        ]
    }
]