[
    {
        "Src1": {
            "GoldMembers": [
                {
                    "id": 27,
                    "name": "F1",
                    "status": true,
                    "price": 200
                },
                {
                    "id": 28,
                    "name": "F2",
                    "status": true,
                    "price": 200
                },
                {
                    "id": 29,
                    "name": "F3",
                    "status": true,
                    "price": 200
                },
                {
                    "id": 30,
                    "name": "F4",
                    "status": true,
                    "price": 200
                },
                {
                    "id": 31,
                    "name": "F5",
                    "status": true,
                    "price": 200
                },
                {
                    "id": 32,
                    "name": "G1",
                    "status": true,
                    "price": 200
                },
                {
                    "id": 33,
                    "name": "G2",
                    "status": true,
                    "price": 200
                },
                {
                    "id": 34,
                    "name": "G3",
                    "status": true,
                    "price": 200
                },
                {
                    "id": 35,
                    "name": "G4",
                    "status": true,
                    "price": 200
                },
                {
                    "id": 36,
                    "name": "G5",
                    "status": true,
                    "price": 200
                },
                {
                    "id": 37,
                    "name": "H1",
                    "status": true,
                    "price": 200
                },
                {
                    "id": 38,
                    "name": "H2",
                    "status": true,
                    "price": 200
                },
                {
                    "id": 39,
                    "name": "H3",
                    "status": true,
                    "price": 200
                },
                {
                    "id": 40,
                    "name": "H4",
                    "status": true,
                    "price": 200
                },
                {
                    "id": 41,
                    "name": "H5",
                    "status": true,
                    "price": 200
                },
                {
                    "id": 42,
                    "name": "I1",
                    "status": true,
                    "price": 200
                },
                {
                    "id": 43,
                    "name": "I2",
                    "status": true,
                    "price": 200
                },
                {
                    "id": 44,
                    "name": "I3",
                    "status": true,
                    "price": 200
                },
                {
                    "id": 45,
                    "name": "I4",
                    "status": true,
                    "price": 200
                },
                {
                    "id": 46,
                    "name": "I5",
                    "status": true,
                    "price": 200
                },
                {
                    "id": 47,
                    "name": "J1",
                    "status": true,
                    "price": 200
                },
                {
                    "id": 48,
                    "name": "J2",
                    "status": true,
                    "price": 200
                },
                {
                    "id": 49,
                    "name": "J3",
                    "status": true,
                    "price": 200
                },
                {
                    "id": 50,
                    "name": "J4",
                    "status": true,
                    "price": 200
                },
                {
                    "id": 51,
                    "name": "J5",
                    "status": true,
                    "price": 200
                }
            ],
            "SilverMembers": [
                {
                    "id": 1,
                    "name": "A1",
                    "status": true,
                    "price": 120
                },
                {
                    "id": 2,
                    "name": "A2",
                    "status": true,
                    "price": 120
                },
                {
                    "id": 3,
                    "name": "A3",
                    "status": true,
                    "price": 120
                },
                {
                    "id": 4,
                    "name": "A4",
                    "status": true,
                    "price": 120
                },
                {
                    "id": 5,
                    "name": "A5",
                    "status": true,
                    "price": 120
                },
                {
                    "id": 6,
                    "name": "B1",
                    "status": true,
                    "price": 120
                },
                {
                    "id": 7,
                    "name": "B2",
                    "status": true,
                    "price": 120
                },
                {
                    "id": 8,
                    "name": "B3",
                    "status": true,
                    "price": 120
                },
                {
                    "id": 9,
                    "name": "B4",
                    "status": true,
                    "price": 120
                },
                {
                    "id": 10,
                    "name": "B5",
                    "status": true,
                    "price": 120
                },
                {
                    "id": 11,
                    "name": "C1",
                    "status": true,
                    "price": 120
                },
                {
                    "id": 12,
                    "name": "C2",
                    "status": true,
                    "price": 120
                },
                {
                    "id": 13,
                    "name": "C3",
                    "status": true,
                    "price": 120
                },
                {
                    "id": 15,
                    "name": "C4",
                    "status": true,
                    "price": 120
                },
                {
                    "id": 16,
                    "name": "C5",
                    "status": true,
                    "price": 120
                },
                {
                    "id": 17,
                    "name": "D1",
                    "status": true,
                    "price": 200
                },
                {
                    "id": 18,
                    "name": "D2",
                    "status": true,
                    "price": 120
                },
                {
                    "id": 19,
                    "name": "D3",
                    "status": true,
                    "price": 120
                },
                {
                    "id": 20,
                    "name": "D4",
                    "status": true,
                    "price": 120
                },
                {
                    "id": 21,
                    "name": "D5",
                    "status": true,
                    "price": 120
                },
                {
                    "id": 22,
                    "name": "E1",
                    "status": true,
                    "price": 200
                },
                {
                    "id": 23,
                    "name": "E2",
                    "status": true,
                    "price": 120
                },
                {
                    "id": 24,
                    "name": "E3",
                    "status": true,
                    "price": 120
                },
                {
                    "id": 25,
                    "name": "E4",
                    "status": true,
                    "price": 120
                },
                {
                    "id": 26,
                    "name": "E5",
                    "status": true,
                    "price": 120
                }
            ]
        },
        "Src2": {
            "GoldMembers": [
                {
                    "id": 27,
                    "name": "F1",
                    "status": true,
                    "price": 200
                },
                {
                    "id": 28,
                    "name": "F2",
                    "status": true,
                    "price": 200
                },
                {
                    "id": 29,
                    "name": "F3",
                    "status": true,
                    "price": 200
                },
                {
                    "id": 30,
                    "name": "F4",
                    "status": true,
                    "price": 200
                },
                {
                    "id": 31,
                    "name": "F5",
                    "status": true,
                    "price": 200
                },
                {
                    "id": 32,
                    "name": "F6",
                    "status": true,
                    "price": 200
                },
                {
                    "id": 33,
                    "name": "F7",
                    "status": true,
                    "price": 200
                },
                {
                    "id": 34,
                    "name": "F8",
                    "status": true,
                    "price": 200
                },
                {
                    "id": 35,
                    "name": "G1",
                    "status": true,
                    "price": 200
                },
                {
                    "id": 36,
                    "name": "G2",
                    "status": true,
                    "price": 200
                },
                {
                    "id": 37,
                    "name": "G3",
                    "status": true,
                    "price": 200
                },
                {
                    "id": 38,
                    "name": "G4",
                    "status": true,
                    "price": 200
                },
                {
                    "id": 39,
                    "name": "G5",
                    "status": true,
                    "price": 200
                },
                {
                    "id": 40,
                    "name": "G6",
                    "status": true,
                    "price": 200
                },
                {
                    "id": 41,
                    "name": "G7",
                    "status": true,
                    "price": 200
                },
                {
                    "id": 42,
                    "name": "G8",
                    "status": true,
                    "price": 200
                },
                {
                    "id": 43,
                    "name": "H1",
                    "status": true,
                    "price": 200
                },
                {
                    "id": 44,
                    "name": "H2",
                    "status": true,
                    "price": 200
                },
                {
                    "id": 45,
                    "name": "H3",
                    "status": true,
                    "price": 200
                },
                {
                    "id": 46,
                    "name": "H4",
                    "status": true,
                    "price": 200
                },
                {
                    "id": 47,
                    "name": "H5",
                    "status": true,
                    "price": 200
                },
                {
                    "id": 48,
                    "name": "H6",
                    "status": true,
                    "price": 200
                },
                {
                    "id": 49,
                    "name": "H7",
                    "status": true,
                    "price": 200
                },
                {
                    "id": 50,
                    "name": "H8",
                    "status": true,
                    "price": 200
                },
                {
                    "id": 51,
                    "name": "I1",
                    "status": true,
                    "price": 200
                },
                {
                    "id": 52,
                    "name": "I2",
                    "status": true,
                    "price": 200
                },
                {
                    "id": 53,
                    "name": "I3",
                    "status": true,
                    "price": 200
                },
                {
                    "id": 54,
                    "name": "I4",
                    "status": true,
                    "price": 200
                },
                {
                    "id": 55,
                    "name": "I5",
                    "status": true,
                    "price": 200
                },
                {
                    "id": 56,
                    "name": "I6",
                    "status": true,
                    "price": 200
                },
                {
                    "id": 57,
                    "name": "I7",
                    "status": true,
                    "price": 200
                },
                {
                    "id": 58,
                    "name": "I8",
                    "status": true,
                    "price": 200
                },
                {
                    "id": 59,
                    "name": "J1",
                    "status": true,
                    "price": 200
                },
                {
                    "id": 60,
                    "name": "J2",
                    "status": true,
                    "price": 200
                },
                {
                    "id": 61,
                    "name": "J3",
                    "status": true,
                    "price": 200
                },
                {
                    "id": 62,
                    "name": "J4",
                    "status": true,
                    "price": 200
                },
                {
                    "id": 63,
                    "name": "J5",
                    "status": true,
                    "price": 200
                },
                {
                    "id": 64,
                    "name": "J6",
                    "status": true,
                    "price": 200
                },
                {
                    "id": 65,
                    "name": "J7",
                    "status": true,
                    "price": 200
                },
                {
                    "id": 66,
                    "name": "J8",
                    "status": true,
                    "price": 200
                }
            ],
            "SilverMembers": [
                {
                    "id": 1,
                    "name": "A1",
                    "status": true,
                    "price": 120
                },
                {
                    "id": 2,
                    "name": "A2",
                    "status": true,
                    "price": 120
                },
                {
                    "id": 3,
                    "name": "A3",
                    "status": true,
                    "price": 120
                },
                {
                    "id": 4,
                    "name": "A4",
                    "status": true,
                    "price": 130
                },
                {
                    "id": 5,
                    "name": "A5",
                    "status": true,
                    "price": 120
                },
                {
                    "id": 6,
                    "name": "A6",
                    "status": true,
                    "price": 120
                },
                {
                    "id": 7,
                    "name": "A7",
                    "status": true,
                    "price": 120
                },
                {
                    "id": 8,
                    "name": "A8",
                    "status": true,
                    "price": 120
                },
                {
                    "id": 9,
                    "name": "B1",
                    "status": true,
                    "price": 120
                },
                {
                    "id": 10,
                    "name": "B2",
                    "status": true,
                    "price": 120
                },
                {
                    "id": 11,
                    "name": "B3",
                    "status": true,
                    "price": 120
                },
                {
                    "id": 12,
                    "name": "B4",
                    "status": true,
                    "price": 120
                },
                {
                    "id": 13,
                    "name": "B5",
                    "status": true,
                    "price": 120
                },
                {
                    "id": 14,
                    "name": "B6",
                    "status": true,
                    "price": 120
                },
                {
                    "id": 15,
                    "name": "B7",
                    "status": true,
                    "price": 120
                },
                {
                    "id": 16,
                    "name": "B8",
                    "status": true,
                    "price": 120
                },
                {
                    "id": 17,
                    "name": "C1",
                    "status": true,
                    "price": 120
                },
                {
                    "id": 18,
                    "name": "C2",
                    "status": true,
                    "price": 120
                },
                {
                    "id": 19,
                    "name": "C3",
                    "status": true,
                    "price": 120
                },
                {
                    "id": 20,
                    "name": "C4",
                    "status": true,
                    "price": 120
                },
                {
                    "id": 21,
                    "name": "C5",
                    "status": true,
                    "price": 120
                },
                {
                    "id": 22,
                    "name": "C6",
                    "status": true,
                    "price": 120
                },
                {
                    "id": 23,
                    "name": "C7",
                    "status": true,
                    "price": 120
                },
                {
                    "id": 24,
                    "name": "C8",
                    "status": true,
                    "price": 120
                }
            ]
        }
    }
]