    {
        "cities": [
            "Ahmedabad",
            "Navsari",
            "Deesa",
            "Mandvi",
            "Porbandar"
        ],
        "dis": [
            {
                "id": 1,
                "source": "Ahmedabad",
                "destination": "Deesa",
                "distance": 175,
                "fare": "₹10,000"
            },
            {
                "id": 2,
                "source": "Deesa",
                "destination": "Ahmedabad",
                "distance": 175,
                "fare": "₹10,000"
            },
            {
                "id": 3,
                "source": "Navsari",
                "destination": "Deesa",
                "distance": 355,
                "fare": "₹17,500"
            },
            {
                "id": 4,
                "source": "Deesa",
                "destination": "Navsari",
                "distance": 355,
                "fare": "₹17,500"
            },
            {
                "id": 5,
                "source": "Mandvi",
                "destination": "Deesa",
                "distance": 268,
                "fare": "₹13,250"
            },
            {
                "id": 6,
                "source": "Deesa",
                "destination": "Mandvi",
                "distance": 268,
                "fare": "₹13,250"
            },
            {
                "id": 7,
                "source": "Porbandar",
                "destination": "Deesa",
                "distance": 217,
                "fare": "₹11,300"
            },
            {
                "id": 8,
                "source": "Deesa",
                "destination": "Porbandar",
                "distance": 217,
                "fare": "₹11,300"
            },
            {
                "id": 9,
                "source": "Ahmedabad",
                "destination": "Porbandar",
                "distance": 226,
                "fare": "₹12,000"
            },
            {
                "id": 10,
                "source": "Porbandar",
                "destination": "Ahmedabad",
                "distance": 226,
                "fare": "₹12,000"
            },
            {
                "id": 11,
                "source": "Ahmedabad",
                "destination": "Mandvi",
                "distance": 421,
                "fare": "₹21,750"
            },
            {
                "id": 12,
                "source": "Mandvi",
                "destination": "Ahmedabad",
                "distance": 421,
                "fare": "₹21,750"
            },
            {
                "id": 13,
                "source": "Ahmedabad",
                "destination": "Navsari",
                "distance": 286,
                "fare": "₹14,000"
            },
            {
                "id": 14,
                "source": "Navsari",
                "destination": "Ahmedabad",
                "distance": 286,
                "fare": "₹14,000"
            },
            {
                "id": 15,
                "source": "Mandvi",
                "destination": "Navsari",
                "distance": 623,
                "fare": "₹31,700"
            },
            {
                "id": 16,
                "source": "Navsari",
                "destination": "Mandvi",
                "distance": 623,
                "fare": "₹31,700"
            },
            {
                "id": 17,
                "source": "Porbandar",
                "destination": "Navsari",
                "distance": 278,
                "fare": "₹13,500"
            },
            {
                "id": 18,
                "source": "Navsari",
                "destination": "Porbandar",
                "distance": 278,
                "fare": "₹13,500"
            },
            {
                "id": 19,
                "source": "Porbandar",
                "destination": "Mandvi",
                "distance": 146,
                "fare": "₹7,500"
            },
            {
                "id": 20,
                "source": "Mandvi",
                "destination": "Porbandar",
                "distance": 146,
                "fare": "₹7,500"
            }
        ]
    }