{
    "options":[
        {
            "id": 1,
            "tname": "open Truck 1ton",
            "dname": "Mr. Ajaybhai",
            "contact": 9876543120,
            "tnumber": "GJ-02-AB-8956",
            "capacity": "1",
            "image": "/images/truck_1ton.webp"
        },
        {
            "id": 2,
            "tname": "container Truck 1ton",
            "dname": "Mr. Sunilbhai",
            "contact": 9875693120,
            "tnumber": "GJ-11-TR-5687",
            "capacity": "1",
            "image": "/images/container_1ton.jpg"
        },
        {
            "id": 3,
            "tname": "open Truck 5tons",
            "capacity": "5",
            "dname": "Mr. Rameshbhai",
            "contact": 9876543250,
            "tnumber": "GJ-02-CD-8236",
            "image": "/images/truck_5tons.webp"
        },
        {
            "id": 4,
            "tname": "container Truck 5tons",
            "capacity": "5",
            "dname": "Mr. Vipulbhai",
            "contact": 9867543120,
            "tnumber": "GJ-08-SX-7812",
            "image": "/images/container_5tons.webp"
        },
        {
            "id": 5,
            "tname": "open Truck 10tons",
            "capacity": "10",
            "dname": "Mr. Samaxbhai",
            "contact": 9976543120,
            "tnumber": "GJ-06-MN-5687",
            "image": "/images/truck_10tons.png"
        },
        {
            "id": 6,
            "tname": "container Truck 10tons",
            "capacity": "10",
            "dname": "Mr. Tejasbhai",
            "contact": 9876893120,
            "tnumber": "RJ-02-AB-8956",
            "image": "/images/container_10tons.png"
        },
        {
            "id": 7,
            "tname":"open Truck 10tons",
            "dname": "Mr. Karanbhai",
            "contact": 9876546920,
            "capacity": "10",
            "tnumber": "MP-02-AB-8956",
            "image":"/images/truck1_10tons.png"
        },
        {
            "id": 8,
            "tname": "open Truck 15tons",
            "dname": "Mr. Radhubhai",
            "contact": 8976543120,
            "tnumber": "MH-02-AB-8956",
            "capacity": "15",
            "image": "/images/truck_15tons.jpg"
        },
        {
            "id": 9,
            "tname": "container Truck 15tons",
            "dname": "Mr. Tarunbhai",
            "contact": 9873763120,
            "tnumber": "GJ-02-UR-6932",
            "capacity": "15",
            "image": "/images/container_15tons.webp"
        },
        {
            "id": 10,
            "tname": "open Truck 20tons",
            "dname": "Mr. Ravibhai",
            "contact": 9876543896,
            "tnumber": "RJ-12-PO-8716",
            "capacity": "20",
            "image": "/images/truck_20tons.webp"
        },
        {
            "id": 11,
            "tname": "container Truck 20tons",
            "capacity": "20",
            "dname": "Mr. Dharmeshbhai",
            "contact": 9876543126,
            "tnumber": "MH-02-AB-2136",
            "image": "/images/container_20tons.webp"
        },
        {
            "id": 12,
            "tname": "open Truck morethan 20tons",
            "capacity": "25",
            "dname": "Mr. Harshadbhai",
            "contact": 9876543176,
            "tnumber": "KA-02-AB-8956",
            "image": "/images/truck1_morethan_20tons.jpg"
        },
        {
            "id": 13,
            "tname": "open Truck morethan 20tons",
            "dname": "Mr. Gajendrabhai",
            "contact": 9876543168,
            "capacity": "35",
            "tnumber": "HR-02-AB-8956",
            "image": "/images/truck_morethan_20tons.jpg"
        },
        {
            "id": 14,
            "tname": "container Truck morethan 20tons",
            "dname": "Mr. Manoranjanbhai",
            "contact": 9885443120,
            "capacity": "30",
            "tnumber": "TN-02-AB-8956",
            "image": "/images/container_morethan_20tons.jpg"
        },
        {
            "id": 15,
            "tname": "open Truck 15tons",
            "dname": "Mr. Pravinbhai",
            "contact": 9889535312,
            "tnumber": "JK-02-AB-8956",
            "capacity": "15",
            "image": "/images/truck1_15tons.jpeg"
        }
    ]
}