[
    {
        "Action":{
            "Mission: Impossible : Dead Reckoning Part One":{
                "title": "Mission: Impossible : Dead Reckoning Part One",
                "year": 2023,
                "cast": [
                    "Tom Cruise",
                    "Simon Pegg",
                    "Ving Rhames",
                    "Rebecca Ferguson",
                    "Vanessa Kirby",
                    "Esai Morales",
                    "Hayley Atwell",
                    "Pom Klementieff",
                    "Shea Whigham",
                    "Henry Czerny",
                    "Cary Elwes"
                ],
                "href": "Mission:_Impossible_%E2%80%93_Dead_Reckoning_Part_One",
                "extract": "Mission: Impossible – Dead Reckoning Part One is an upcoming American action spy film written, produced, and directed by Christopher McQuarrie. It is the sequel to Mission: Impossible – Fallout (2018) and is the seventh installment in the Mission: Impossible film series. The film stars Tom Cruise, Ving Rhames, Simon Pegg, Rebecca Ferguson, Vanessa Kirby, Hayley Atwell, Shea Whigham, Pom Klementieff, Esai Morales, Rob Delaney, Henry Czerny, and Cary Elwes.",
                "thumbnail": "https://upload.wikimedia.org/wikipedia/en/e/ed/Mission-_Impossible_%E2%80%93_Dead_Reckoning_Part_One_poster.jpg",
                "ratings":4.5
            },
            "Extraction 2":{
                "title": "Extraction 2",
                "year": 2023,
                "cast": [
                    "Chris Hemsworth",
                    "Golshifteh Farahani",
                    "Adam Bessa",
                    "Daniel Bernhardt",
                    "Tinatin Dalakishvili"
                ],
                "href": "Extraction_2",
                "extract": "Extraction 2 is an upcoming American action thriller film directed by Sam Hargrave and written by Joe Russo, based on the graphic novel Ciudad by Ande Parks, Joe Russo, Anthony Russo, Fernando León González, and Eric Skillman. A sequel to the 2020 film, Chris Hemsworth, Golshifteh Farahani and Adam Bessa reprise their roles, with Olga Kurylenko, Daniel Bernhardt and Tinatin Dalakishvili joining the cast."
            },
            "Bad Boys for Life":{
                "title": "Bad Boys for Life",
                "year": 2020,
                "cast": [
                    "Will Smith",
                    "Martin Lawrence",
                    "Vanessa Hudgens",
                    "Alexander Ludwig",
                    "Charles Melton",
                    "Paola Núñez",
                    "Kate del Castillo",
                    "Nicky Jam",
                    "Joe Pantoliano"
                ],
                "href": "Bad_Boys_for_Life",
                "extract": "Bad Boys for Life is a 2020 American buddy cop action comedy film directed by Adil & Bilall. It is the sequel to Bad Boys II (2003) and the third installment in the Bad Boys franchise. Will Smith, Martin Lawrence, Joe Pantoliano and Theresa Randle reprise their roles in the film and are joined by Paola Núñez, Vanessa Hudgens, Jacob Scipio, Alexander Ludwig, Charles Melton, Kate del Castillo and Nicky Jam. The film was produced by Smith, Jerry Bruckheimer, and Doug Belgrad, with a screenplay written by Chris Bremner, Peter Craig and Joe Carnahan. In Bad Boys for Life, Miami detectives Mike Lowrey and Marcus Burnett investigate a string of murders tied to Lowrey's troubled past.",
                "thumbnail": "https://upload.wikimedia.org/wikipedia/en/9/90/Bad_Boys_for_Life_poster.jpg",
                "ratings":4.5
            },
            "Wire Room":{
                "title": "Wire Room",
                "year": 2022,
                "cast": [
                    "Kevin Dillon",
                    "Bruce Willis"
                ],
                "href": "Wire_Room",
                "extract": "Wire Room is a 2022 American action film directed by Matt Eskandari, from a screenplay by Brandon Stiefer, and produced by Randall Emmett, George Furla, Oliver Trevena, Norton Herrick, Ceasar Richbow, Mark Stewart, and Noel Ashman. It stars Kevin Dillon and Bruce Willis.",
                "thumbnail": "https://upload.wikimedia.org/wikipedia/en/f/f7/Wire_Room_poster.png",
                "thumbnail_width": 259,
                "thumbnail_height": 384,
                "ratings":2
            },
            "Wrong Place":{
                "title": "Wrong Place",
                "year": 2022,
                "cast": [
                    "Ashley Greene",
                    "Bruce Willis"
                ],
                "href": "Wrong_Place",
                "extract": "Wrong Place is a 2022 American action film directed by Mike Burns, from a script from Bill Lawrence, and produced by Randall Emmett and George Furla. It stars Ashley Greene and Bruce Willis.A methamphetamines cook hunts down the former Police chief of a small town in order to silence him before he can deliver eyewitness testimony against his family, but ultimately finds himself up against more than he had bargained for.",
                "thumbnail": "https://upload.wikimedia.org/wikipedia/en/2/25/Wrong_Place.jpg",
                "thumbnail_width": 250,
                "thumbnail_height": 370,
                "ratings":2.5
            },
            "White Elephant":{
                "title": "White Elephant",
                "year": 2022,
                "cast": [
                    "Michael Rooker",
                    "Bruce Willis",
                    "Olga Kurylenko",
                    "John Malkovich"
                ],
                "href": "White_Elephant_(2022_film)",
                "extract": "White Elephant is an American action film directed by Jesse V. Johnson and written by Johnson and Erik Martinez, based on a story by Johnson. It stars Michael Rooker, Bruce Willis, Olga Kurylenko, and John Malkovich.When two cops witness an assassination attempt, a ruthless crime boss orders Gabriel Tancredi, an ex-Marine turned mob enforcer, to eliminate any and all threats. With an eager underling out to prove himself, rival gangs making moves, and a rising body count, every step Tancredi makes threatens lives -- including his own.",
                "thumbnail": "https://upload.wikimedia.org/wikipedia/en/6/64/White_Elephant_%282022_film%29.jpeg",
                "thumbnail_width": 260,
                "thumbnail_height": 385,
                "ratings":3
            },
            "A Day to Die":{
                "title": "A Day to Die",
                "year": 2022,
                "cast": [
                    "Kevin Dillon",
                    "Bruce Willis",
                    "Frank Grillo"
                ],
                "href": "A_Day_to_Die",
                "extract": "A Day to Die is an 2022 American heist action film written, directed, and produced by Wes Miller. It stars Kevin Dillon, Bruce Willis, Gianni Capaldi, Brooke Butler, Leon, and Frank Grillo. The film was released on March 4, 2022, by Vertical Entertainment.In order to save his pregnant wife held hostage by a drug lord, an indebted parole officer is pushed into dangerous heists.",
                "thumbnail": "https://upload.wikimedia.org/wikipedia/en/f/f9/A_Day_to_Die_poster.png",
                "thumbnail_width": 250,
                "thumbnail_height": 372,
                "ratings":3.5
            },
            "American Siege":{
                "title": "American Siege",
                "year": 2022,
                "cast": [
                    "Timothy V. Murphy",
                    "Bruce Willis"
                ],
                "href": "American_Siege",
                "extract": "American Siege is a 2022 American action film written and directed by Edward Drake. It stars Timothy V. Murphy, Bruce Willis, Rob Gough, Johann Urb, Anna Hindman, Johnny Messner, Cullen G. Chambers, and Janet Jones. The film was released by Shout! Studios on January 7, 2022. American Siege was panned by critics.",
                "thumbnail": "https://upload.wikimedia.org/wikipedia/en/1/16/American_Siege.jpg",
                "thumbnail_width": 259,
                "thumbnail_height": 384,
                "ratings":3
            }
        },
        "Spy":{
            "Spy Intervention":{
                "title": "Spy Intervention",
                "year": 2020,
                "cast": [
                    "Drew Van Acker",
                    "Poppy Delevingne",
                    "Natasha Bassett",
                    "Max Silvestri",
                    "Brittany Furlan",
                    "Blake Anderson"
                ],
                "href": "Spy_Intervention",
                "extract": "Spy Intervention is a 2020 American action comedy spy film directed by Drew Mylrea and written by Mark Famiglietti and Lane Garrison. The film stars Drew Van Acker, Poppy Delevingne and Blake Anderson.",
                "thumbnail": "https://upload.wikimedia.org/wikipedia/en/c/cf/Spy_Intervention_%282020%29_Film_Poster.jpg",
                "ratings":4
            },
            "The King's Man":{
                "title": "The King's Man",
                "year": 2021,
                "cast": [
                    "Ralph Fiennes",
                    "Gemma Arterton",
                    "Rhys Ifans",
                    "Matthew Goode",
                    "Tom Hollander",
                    "Harris Dickinson",
                    "Daniel Brühl",
                    "Djimon Hounsou",
                    "Charles Dance"
                ],
                "href": "The_King%27s_Man",
                "extract": "The King's Man is a 2021 spy action film directed by Matthew Vaughn from a screenplay by Vaughn and Karl Gajdusek and a story by Vaughn. The third installment in the British Kingsman film series, which is based on the comic book The Secret Service by Mark Millar and Dave Gibbons, it is a prequel to Kingsman: The Secret Service (2014) and Kingsman: The Golden Circle (2017). Its ensemble cast includes Ralph Fiennes, Gemma Arterton, Rhys Ifans, Matthew Goode, Tom Hollander, Harris Dickinson, Daniel Brühl, Djimon Hounsou, and Charles Dance. It focuses on several events during World War I and the birth of the Kingsman organisation.",
                "thumbnail": "https://upload.wikimedia.org/wikipedia/en/6/67/The_King%27s_Man.jpg",
                "thumbnail_width": 220,
                "thumbnail_height": 326,
                "ratings":4
            },
            "The Courier":{
                "title": "The Courier",
                "year": 2021,
                "cast": [
                    "Benedict Cumberbatch",
                    "Merab Ninidze",
                    "Rachel Brosnahan",
                    "Jessie Buckley",
                    "Angus Wright"
                ],
                "href": "The_Courier_(2020_film)",
                "extract": "The Courier is a 2020 historical spy film directed by Dominic Cooke and written by Tom O'Connor. The film stars Benedict Cumberbatch as Greville Wynne, and is based on the true story of a British businessman who was recruited by the Secret Intelligence Service to be a message conduit with a Russian spy source Oleg Penkovsky in the 1960s. Rachel Brosnahan, Jessie Buckley, and Angus Wright also star.",
                "thumbnail": "https://upload.wikimedia.org/wikipedia/en/5/55/The_Courier_poster.jpeg",
                "thumbnail_width": 259,
                "thumbnail_height": 384,
                "ratings":4.5
            }
        },
        "Horror":{
            "Fear":{
                "title": "Fear",
                "year": 2023,
                "cast": [
                    "Joseph Sikora",
                    "King Bach",
                    "Annie Ilonzeh",
                    "Iddo Goldberg",
                    "Ruby Modine"
                ],
                "genres": [
                    "Horror"
                ],
                "href": "Fear_(2023_film)",
                "extract": "Fear is a 2023 American horror film directed by Deon Taylor and starring Joseph Sikora, Andrew Bachelor, Annie Ilonzeh, Ruby Modine, Iddo Goldberg, Terrence Jenkins, Jessica Allain, and Tip \"T.I.\" Harris.",
                "thumbnail": "https://upload.wikimedia.org/wikipedia/en/0/0a/Fear_%282023_film%29_poster.png",
                "ratings":2
            },
            "There's Something Wrong with the Children":{
                "title": "There's Something Wrong with the Children",
                "year": 2023,
                "cast": [
                    "Alisha Wainwright",
                    "Zach Gilford",
                    "Amanda Crew",
                    "Carlos Santos"
                ],
                "genres": [
                    "Horror"
                ],
                "href": "There%27s_Something_Wrong_with_the_Children",
                "extract": "There's Something Wrong with the Children is a 2023 American horror film directed by Roxanne Benjamin and written by T. J. Cimfel and David White. The film stars Alisha Wainwright, Zach Gilford, Amanda Crew, and Carlos Santos. Jason Blum serves as an executive producer through his Blumhouse Television banner.",
                "thumbnail": "https://upload.wikimedia.org/wikipedia/en/5/5f/There%27s_Something_Wrong_with_the_Children_poster.png",
                "ratings":2.5
            }         
        },
        "Science-Fiction":{
            "Underwater":{
                "title": "Underwater",
                "year": 2020,
                "cast": [
                    "Kristen Stewart",
                    "Vincent Cassel",
                    "Jessica Henwick",
                    "John Gallagher Jr.",
                    "Mamoudou Athie",
                    "T.J. Miller"
                ],
                "genres": [
                    "Action",
                    "Horror",
                    "Science Fiction"
                ],
                "href": "Underwater_(film)",
                "extract": "Underwater is a 2020 American science fiction action horror film directed by William Eubank. The film stars Kristen Stewart, Vincent Cassel, Jessica Henwick, John Gallagher Jr., Mamoudou Athie, and T.J. Miller.Norah and her team find themselves in a dangerous situation as they work at the bottom of the Mariana Trench and clash against an unidentified species.",
                "thumbnail": "https://upload.wikimedia.org/wikipedia/en/4/4a/Underwater_poster.jpeg",
                "ratings":3.5
            },
            "Transformers: Rise of the Beasts":{
                "title": "Transformers: Rise of the Beasts",
                "year": 2023,
                "cast": [
                    "Anthony Ramos",
                    "Dominique Fishback",
                    "Peter Cullen",
                    "Ron Perlman",
                    "Pete Davidson",
                    "Liza Koshy",
                    "Peter Dinklage",
                    "Michelle Yeoh"
                ],
                "genres": [
                    "Science Fiction"
                ],
                "href": "Transformers:_Rise_of_the_Beasts",
                "extract": "Transformers: Rise of the Beasts is an upcoming American science fiction action film based on Hasbro's Transformers toy line and primarily influenced by the Beast Wars storyline. The film is the seventh installment in the Transformers film series and a standalone sequel to Bumblebee (2018). The film is directed by Steven Caple Jr. from a screenplay by Joby Harold, Darnell Metayer, Josh Peters, Erich Hoeber, and Jon Hoeber. It will star Anthony Ramos, Dominique Fishback, Luna Lauren Vélez and Tobe Nwigwe in his film debut, as well the voice talents of Ron Perlman, Peter Dinklage, Michelle Yeoh, Pete Davidson, Liza Koshy, Cristo Fernández, Michaela Jaé Rodriguez, Tongayi Chirisa, and previous voice actors, Peter Cullen, John DiMaggio and David Sobolov.",
                "thumbnail": "https://upload.wikimedia.org/wikipedia/en/1/1c/Transformers-_Rise_of_the_Beasts.jpg",
                "thumbnail_width": 259,
                "thumbnail_height": 384,
                "ratings":4.5
            },
            "Prey":{
                "title": "Prey",
                "year": 2022,
                "cast": [
                    "Amber Midthunder",
                    "Dakota Beavers",
                    "Michelle Thrush",
                    "Stormee Kipp",
                    "Julian Black Antelope",
                    "Dane DiLiegro"
                ],
                "href": "Prey_(2022_film)",
                "extract": "Prey is a 2022 American science fiction action film in the Predator franchise. It is the fifth installment and is a prequel to the first four films, being set in the Northern Great Plains in 1719. The film is directed by Dan Trachtenberg and written by Patrick Aison. It stars Amber Midthunder, Dakota Beavers, Dane DiLiegro, Michelle Thrush, Stormee Kipp, Julian Black Antelope, and Bennett Taylor. The story revolves around a young Comanche woman, Naru, who is striving to prove herself as a hunter. She finds herself having to protect her people from a vicious, humanoid alien that hunts humans for sport, as well as from French fur traders who are destroying the buffalo they rely on for survival.",
                "thumbnail": "https://upload.wikimedia.org/wikipedia/en/f/f4/Prey_2022_poster.png",
                "thumbnail_width": 259,
                "thumbnail_height": 384,
                "ratings":3.5
            }
        },
        "Comedy":{
            "Life Upside Down":{
                "title": "Life Upside Down",
                "year": 2023,
                "cast": [
                    "Danny Huston",
                    "Radha Mitchell",
                    "Bob Odenkirk"
                ],
                "genres": [
                    "Comedy",
                    "Romance"
                ],
                "href": "Life_Upside_Down",
                "extract": "Life Upside Down is a 2022 American romantic comedy film directed and written by Cecilia Miniucchi. It stars Bob Odenkirk, Danny Huston, Radha Mitchell and Rosie Fellner.",
                "thumbnail": "https://upload.wikimedia.org/wikipedia/en/7/74/LifeUpsideDownPoster.png",
                "ratings":2.5
            },
            "Maybe I Do":{
                "title": "Maybe I Do",
                "year": 2023,
                "cast": [
                    "Diane Keaton",
                    "Richard Gere",
                    "Susan Sarandon",
                    "Emma Roberts",
                    "Luke Bracey",
                    "William H. Macy"
                ],
                "genres": [
                    "Comedy",
                    "Romance"
                ],
                "href": "Maybe_I_Do",
                "extract": "Maybe I Do is a 2023 American romantic comedy film written and directed by Michael Jacobs, based on his own play Cheaters, and starring Diane Keaton, Richard Gere, Susan Sarandon, Emma Roberts, Luke Bracey, and William H. Macy. It is Jacobs' feature directorial debut.",
                "thumbnail": "https://upload.wikimedia.org/wikipedia/en/9/99/Maybe_I_Do.jpeg",
                "ratings":3
            },
            "House Party":{
                "title": "House Party",
                "year": 2023,
                "cast": [
                    "Tosin Cole",
                    "Jacob Latimore",
                    "Karen Obilom",
                    "D.C. Young Fly",
                    "Scott Mescudi"
                ],
                "genres": [
                    "Comedy"
                ],
                "href": "House_Party_(2023_film)",
                "extract": "House Party is a 2023 American comedy film directed by Calmatic from a screenplay by Jamal Olori and Stephen Glover, serving as a reboot and remake of the 1990 film of the same name. The film stars Tosin Cole, Jacob Latimore, Karen Obilom, D.C. Young Fly, and Kid Cudi, and follows two young aspiring club promoters working as house cleaners who throw a party at their latest job site: LeBron James' mansion. It is produced by New Line Cinema and James and Maverick Carter's SpringHill Company.",
                "thumbnail": "https://upload.wikimedia.org/wikipedia/en/4/4d/House_Party_%282023_film%29.png",
                "ratings":2
            },
            "The Gentlemen":{
                "title": "The Gentlemen",
                "year": 2020,
                "cast": [
                    "Matthew McConaughey",
                    "Charlie Hunnam",
                    "Henry Golding",
                    "Michelle Dockery",
                    "Jeremy Strong",
                    "Eddie Marsan",
                    "Colin Farrell",
                    "Hugh Grant"
                ],
                "href": "The_Gentlemen_(2019_film)",
                "extract": "The Gentlemen is a 2019 action comedy film written, directed and produced by Guy Ritchie, who developed the story along with Ivan Atkinson and Marn Davies. The film stars Matthew McConaughey, Charlie Hunnam, Henry Golding, Michelle Dockery, Jeremy Strong, Eddie Marsan, Colin Farrell, and Hugh Grant. It follows an American cannabis wholesaler in England who is looking to sell his business, setting off a chain of blackmail and schemes to undermine him.",
                "thumbnail": "https://upload.wikimedia.org/wikipedia/en/0/06/The_Gentlemen_poster.jpg",
                "ratings":4.5
            }
        },
        "Thriller":{
            "Teen Wolf: The Movie":{
                "title": "Teen Wolf: The Movie",
                "year": 2023,
                "cast": [
                    "Tyler Posey",
                    "Crystal Reed",
                    "Tyler Hoechlin",
                    "Holland Roden",
                    "Colton Haynes",
                    "Shelley Hennig",
                    "Dylan Sprayberry",
                    "Linden Ashby",
                    "Melissa Ponzio",
                    "JR Bourne"
                ],
                "genres": [
                    "Drama",
                    "Supernatural",
                    "Teen",
                    "Thriller"
                ],
                "href": "Teen_Wolf:_The_Movie",
                "extract": "Teen Wolf: The Movie is a 2023 American supernatural thriller teen drama film directed by Russell Mulcahy and written by Jeff Davis. The film is a continuation of the MTV series Teen Wolf and features most of the cast reprising their roles, including Tyler Posey, Crystal Reed, Tyler Hoechlin, Holland Roden, Colton Haynes, Shelley Hennig, Dylan Sprayberry, Linden Ashby, Melissa Ponzio, and JR Bourne. It follows werewolf Scott McCall (Posey) as he protects his California town from a new threat.",
                "thumbnail": "https://upload.wikimedia.org/wikipedia/en/2/23/Teen_Wolf-_The_Movie_poster.jpg",
                "ratings":3.5
            },
            "Missing":{
                "title": "Missing",
                "year": 2023,
                "cast": [
                    "Storm Reid",
                    "Joaquim de Almeida",
                    "Ken Leung",
                    "Amy Landecker",
                    "Daniel Henney",
                    "Nia Long"
                ],
                "genres": [
                    "Thriller"
                ],
                "href": "Missing_(2023_film)",
                "extract": "Missing is a 2023 American screenlife thriller film written and directed by Will Merrick and Nick Johnson from a story by Sev Ohanian and Aneesh Chaganty, who also produced the film with Natalie Qasabian. The film is a standalone sequel to Searching (2018). It stars Storm Reid, Joaquim de Almeida, Ken Leung, Amy Landecker, Daniel Henney, and Nia Long. Its plot follows June Allen, a teenager who tries to find her missing mother after she disappears on vacation in Colombia with her new boyfriend.",
                "thumbnail": "https://upload.wikimedia.org/wikipedia/en/5/5d/Missing_poster.jpg",
                "ratings":3.5
            },
            "The Commando":{
                "title": "The Commando",
                "year": 2022,
                "cast": [
                    "Mickey Rourke",
                    "Michael Jai White"
                ],
                "genres": [
                    "Action",
                    "Crime",
                    "Thriller"
                ],
                "href": "The_Commando",
                "extract": "The Commando is a 2022 American action crime thriller film directed by Asif Akbar and starring Mickey Rourke and Michael Jai White.",
                "thumbnail": "https://upload.wikimedia.org/wikipedia/en/a/a8/The_Commando.jpeg",
                "ratings":4
            },
            "The Rhythm Section":{
                "title": "The Rhythm Section",
                "year": 2020,
                "cast": [
                    "Blake Lively",
                    "Jude Law",
                    "Sterling K. Brown"
                ],
                "href": "The_Rhythm_Section",
                "extract": "The Rhythm Section is a 2020 action thriller film directed by Reed Morano and with a screenplay by Mark Burnell based on his novel of the same name. Starring Blake Lively, Jude Law and Sterling K. Brown, and follows a grieving woman who seeks revenge after discovering that the plane crash that killed her family was a terrorist attack.",
                "thumbnail": "https://upload.wikimedia.org/wikipedia/en/9/98/The_Rhythm_Section_poster.jpg",
                "ratings":2.5
            }
        },
        "Crime":{
            "The Commando":{
                "title": "The Commando",
                "year": 2022,
                "cast": [
                    "Mickey Rourke",
                    "Michael Jai White"
                ],
                "genres": [
                    "Action",
                    "Crime",
                    "Thriller"
                ],
                "href": "The_Commando",
                "extract": "The Commando is a 2022 American action crime thriller film directed by Asif Akbar and starring Mickey Rourke and Michael Jai White.",
                "thumbnail": "https://upload.wikimedia.org/wikipedia/en/a/a8/The_Commando.jpeg",
                "ratings":4
            }
        },
        "Drama":{
            "Teen Wolf: The Movie":{
                "title": "Teen Wolf: The Movie",
                "year": 2023,
                "cast": [
                    "Tyler Posey",
                    "Crystal Reed",
                    "Tyler Hoechlin",
                    "Holland Roden",
                    "Colton Haynes",
                    "Shelley Hennig",
                    "Dylan Sprayberry",
                    "Linden Ashby",
                    "Melissa Ponzio",
                    "JR Bourne"
                ],
                "genres": [
                    "Drama",
                    "Supernatural",
                    "Teen",
                    "Thriller"
                ],
                "href": "Teen_Wolf:_The_Movie",
                "extract": "Teen Wolf: The Movie is a 2023 American supernatural thriller teen drama film directed by Russell Mulcahy and written by Jeff Davis. The film is a continuation of the MTV series Teen Wolf and features most of the cast reprising their roles, including Tyler Posey, Crystal Reed, Tyler Hoechlin, Holland Roden, Colton Haynes, Shelley Hennig, Dylan Sprayberry, Linden Ashby, Melissa Ponzio, and JR Bourne. It follows werewolf Scott McCall (Posey) as he protects his California town from a new threat.",
                "thumbnail": "https://upload.wikimedia.org/wikipedia/en/2/23/Teen_Wolf-_The_Movie_poster.jpg",
                "ratings":3.5
            }
        },
        "Supernatural":{
            "Teen Wolf: The Movie":{
                "title": "Teen Wolf: The Movie",
                "year": 2023,
                "cast": [
                    "Tyler Posey",
                    "Crystal Reed",
                    "Tyler Hoechlin",
                    "Holland Roden",
                    "Colton Haynes",
                    "Shelley Hennig",
                    "Dylan Sprayberry",
                    "Linden Ashby",
                    "Melissa Ponzio",
                    "JR Bourne"
                ],
                "genres": [
                    "Drama",
                    "Supernatural",
                    "Teen",
                    "Thriller"
                ],
                "href": "Teen_Wolf:_The_Movie",
                "extract": "Teen Wolf: The Movie is a 2023 American supernatural thriller teen drama film directed by Russell Mulcahy and written by Jeff Davis. The film is a continuation of the MTV series Teen Wolf and features most of the cast reprising their roles, including Tyler Posey, Crystal Reed, Tyler Hoechlin, Holland Roden, Colton Haynes, Shelley Hennig, Dylan Sprayberry, Linden Ashby, Melissa Ponzio, and JR Bourne. It follows werewolf Scott McCall (Posey) as he protects his California town from a new threat.",
                "thumbnail": "https://upload.wikimedia.org/wikipedia/en/2/23/Teen_Wolf-_The_Movie_poster.jpg",
                "ratings":3.5
            }
        },
        "Teen":{
            "Teen Wolf: The Movie":{
                "title": "Teen Wolf: The Movie",
                "year": 2023,
                "cast": [
                    "Tyler Posey",
                    "Crystal Reed",
                    "Tyler Hoechlin",
                    "Holland Roden",
                    "Colton Haynes",
                    "Shelley Hennig",
                    "Dylan Sprayberry",
                    "Linden Ashby",
                    "Melissa Ponzio",
                    "JR Bourne"
                ],
                "genres": [
                    "Drama",
                    "Supernatural",
                    "Teen",
                    "Thriller"
                ],
                "href": "Teen_Wolf:_The_Movie",
                "extract": "Teen Wolf: The Movie is a 2023 American supernatural thriller teen drama film directed by Russell Mulcahy and written by Jeff Davis. The film is a continuation of the MTV series Teen Wolf and features most of the cast reprising their roles, including Tyler Posey, Crystal Reed, Tyler Hoechlin, Holland Roden, Colton Haynes, Shelley Hennig, Dylan Sprayberry, Linden Ashby, Melissa Ponzio, and JR Bourne. It follows werewolf Scott McCall (Posey) as he protects his California town from a new threat.",
                "thumbnail": "https://upload.wikimedia.org/wikipedia/en/2/23/Teen_Wolf-_The_Movie_poster.jpg",
                "ratings":3.5
            }
        },
        "Romance":{
            "Maybe I Do":{
                "title": "Maybe I Do",
                "year": 2023,
                "cast": [
                    "Diane Keaton",
                    "Richard Gere",
                    "Susan Sarandon",
                    "Emma Roberts",
                    "Luke Bracey",
                    "William H. Macy"
                ],
                "genres": [
                    "Comedy",
                    "Romance"
                ],
                "href": "Maybe_I_Do",
                "extract": "Maybe I Do is a 2023 American romantic comedy film written and directed by Michael Jacobs, based on his own play Cheaters, and starring Diane Keaton, Richard Gere, Susan Sarandon, Emma Roberts, Luke Bracey, and William H. Macy. It is Jacobs' feature directorial debut.",
                "thumbnail": "https://upload.wikimedia.org/wikipedia/en/9/99/Maybe_I_Do.jpeg",
                "ratings":3
            },
            "Life Upside Down":{
                "title": "Life Upside Down",
                "year": 2023,
                "cast": [
                    "Danny Huston",
                    "Radha Mitchell",
                    "Bob Odenkirk"
                ],
                "genres": [
                    "Comedy",
                    "Romance"
                ],
                "href": "Life_Upside_Down",
                "extract": "Life Upside Down is a 2022 American romantic comedy film directed and written by Cecilia Miniucchi. It stars Bob Odenkirk, Danny Huston, Radha Mitchell and Rosie Fellner.",
                "thumbnail": "https://upload.wikimedia.org/wikipedia/en/7/74/LifeUpsideDownPoster.png",
                "ratings":2.5
            }
        },
        "Romantic-Comedy":{
            "Shotgun Wedding":{
                "title": "Shotgun Wedding",
                "year": 2023,
                "cast": [
                    "Jennifer Lopez",
                    "Josh Duhamel",
                    "Sônia Braga",
                    "Jennifer Coolidge",
                    "Lenny Kravitz",
                    "Cheech Marin"
                ],
                "genres": [
                    "Action",
                    "Comedy",
                    "Romance"
                ],
                "href": "Shotgun_Wedding_(2022_film)",
                "extract": "Shotgun Wedding is a 2022 American romantic action comedy film directed by Jason Moore and written by Mark Hammer. It stars Jennifer Lopez, Josh Duhamel, Sônia Braga, Jennifer Coolidge, Lenny Kravitz, and Cheech Marin. After being filmed from February to April of 2021 in Boston and the Dominican Republic, Shotgun Wedding was released in Singapore on December 28, 2022, and was released on January 27, 2023, by Amazon Studios via Prime Video.",
                "thumbnail": "https://upload.wikimedia.org/wikipedia/en/8/82/Shotgun_Wedding_2022_poster.jpg",
                "ratings":3.5
            }
        }
    }
]