{
    "Users":{
        "Rohit":{
            "id":39182,
            "name":"Rohit",
            "password":"rohit200",
            "age":20,
            "analysis":[{
                "Action":50,
                "Horror":20,
                "Comedy":10
            }]
        },
        "Tony":{
            "id":26913,
            "password":"tony100",
            "analysis":[{
                "Action":50,
                "Horror":20,
                "Comedy":10
            }]
        },
        "Oliva":{
            "id":47502,
            "password":"oliva300",
            "analysis":[{
                "Action":50,
                "Horror":20,
                "Comedy":10
            }]
        },
        "Sam":{
            "id":90823,
            "password":"sam600",
            "analysis":[
                {"name":"Action","value":50},
                {"name":"Horror","value":20},
                {"name":"Comedy","value":10}
            ]
        },
        "Metty":{
            "id":12593,
            "username":"Metty312",
            "name":"Metty",
            "password":"metty400",
            "age":23,
            "analysis":[
                {"name":"Action","value":50},
                {"name":"Spy","value":20},
                {"name":"Horror","value":10},
                {"name":"Science-Fiction","value":70},
                {"name":"Comedy","value":40},
                {"name":"Thriller","value":25},
                {"name":"Crime","value":28},
                {"name":"Drama","value":15},
                {"name":"Supernatural","value":20},
                {"name":"Teen","value":0},
                {"name":"Romance","value":10},
                {"name":"Romantic-COmedy","value":0}
            ],
            "TotalTime":40
        }
    }
}